{
  "repo_name": "algorithm_c",
  "design_name": "carray",
  "type": "horizontal",
  "top_functions": [
    "removeValueCArray",
    "selectionSortCArray",
    "findMaxCArray",
    "displayCArray",
    "getCopyCArray",
    "updateValueCArray",
    "reverseCArray",
    "valueOcurranceCArray",
    "pushValueCArray",
    "valuePositionsCArray",
    "insertValueCArray",
    "getCArray",
    "blenderCArray",
    "bubbleSortCArray",
    "findMinCArray",
    "eraseCArray",
    "switchValuesCArray",
    "insertionSortCArray"
  ],
  "entry_files": [
    "algorithm_c/data_structures/array/carray.c",
    "algorithm_c/data_structures/array/carray.h"
  ]
}